{
  "timestamp": "20250901_201221",
  "metrics": {
    "accuracy": 0.7541666666666667,
    "precision": 0.7420220158460638,
    "recall": 0.7541666666666667,
    "f1_score": 0.7463466017986141,
    "confusion_matrix": [
      [
        0,
        8,
        0,
        0,
        0
      ],
      [
        1,
        17,
        6,
        0,
        0
      ],
      [
        0,
        8,
        23,
        8,
        0
      ],
      [
        0,
        0,
        7,
        24,
        10
      ],
      [
        0,
        0,
        0,
        11,
        117
      ]
    ],
    "classification_report": "              precision    recall  f1-score   support\n\n           0       0.00      0.00      0.00         8\n           1       0.52      0.71      0.60        24\n           2       0.64      0.59      0.61        39\n           3       0.56      0.59      0.57        41\n           4       0.92      0.91      0.92       128\n\n    accuracy                           0.75       240\n   macro avg       0.53      0.56      0.54       240\nweighted avg       0.74      0.75      0.75       240\n",
    "best_params": {
      "C": 100,
      "gamma": "scale",
      "kernel": "linear"
    },
    "train_size": 2152,
    "test_size": 240,
    "total_size": 2392
  },
  "feature_names": [
    "StudyTimeWeekly",
    "Absences",
    "Tutoring",
    "ParentalSupport"
  ]
}